,id,huml,humw,ulnal,ulnaw,feml,femw,tibl,tibw,tarl,tarw
0,0,0.2945908101280861,0.8043282942444386,0.0477859567436371,0.5821550057449225,0.2509429801279752,0.2368987482825869,-1.5584667658007063,0.40722318678084946,-0.02623442100176714,0.4083367122410619
1,1,0.4451725915224575,0.7868335036145103,0.19254087509009032,0.906726843472769,0.5140843235428796,0.5341166604107067,0.4113779909726422,0.6378151047089123,0.09422412355429316,0.48588843418015776
2,2,0.2795881972216359,0.6958605923388831,0.0010634185449579004,0.7650123791127235,0.31433840894303844,0.3359713856586268,0.28299008993562114,0.4120271850710173,-0.04301257542207559,0.1802434124201916
3,3,0.23661775037846983,0.4614303978978435,-0.05840163007154276,0.5318692280687771,0.16188749679252926,0.14773337464415082,0.12006663441020252,0.10457129450026643,-0.15185547461022983,0.21217647439511356
4,4,-0.03843015290645207,0.16051999906307615,-0.29065511995370413,0.056440057312495046,-0.144523742480275,-0.24855717486000908,-0.22001630673508896,-0.10680463026712474,-0.31963701881331374,0.08444422649542609
5,5,-0.05472928791592876,0.1395262503071623,-0.3183488425951031,-0.06241723537657542,0.6388626278772895,0.5886066109675289,-0.2020894540235544,-0.2172965909409883,-0.4405257724570742,-0.05241175339709601
6,6,0.2751429785826878,0.5454053929214996,-0.030707907430143958,0.4084405010455117,0.26402457655013095,0.09324342408732887,0.17516534347947854,0.18143526714295422,-0.08990536598139902,0.3170993923127139
7,7,0.4094256249675822,0.454432481645872,0.09043089160861323,0.4312976727164867,0.38427463596917905,0.2765278032330027,0.3006533124602216,0.30153522439715374,-0.05893031166698351,0.39465111425180976
8,8,0.987674482917431,1.2032095206068047,0.8060502766734733,1.1535842975193003,1.1324413236517088,1.103784325322937,1.1964686876630908,1.1518429217568866,0.9598048080071255,0.6501156100511845
9,9,1.4840572309333164,2.1129386333630777,1.2708970567156048,1.5741562562652422,1.717591194381219,2.089557067214535,1.4600988745974255,1.9829346259559475,1.693311302535992,1.5488032113454133
10,10,1.8544921175123357,2.473331320339601,1.4747772234007501,2.3193000527390306,2.185006697311327,2.2926559738354166,2.066448304546395,2.4345104652317375,2.0348973181699628,1.681097325241518
11,11,2.243448748420306,1.9065001039299234,1.4068171678390347,2.3558715274125905,0.9659025384311863,1.8815045287248506,3.1736950896706007,2.348038496008714,2.215154925916353,0.7504766619723673
12,12,1.9841443278149922,1.4201449244179156,1.236917028934747,2.205014194384155,0.7726974220424226,1.7130810451855827,3.0418799962034333,3.0926582309847506,1.861523055826776,1.1656064676463513
13,13,1.5564772512595149,0.8393178755042955,0.8860732420973928,1.322727367884516,0.3757212844623851,1.5397039297775128,2.382804528867597,1.6802827336753643,1.4799275950366848,0.5908113520977583
14,14,1.561663339671621,0.9092970380240089,0.8882819439031485,1.1901557721928604,0.32742000536519417,1.0740625341101246,2.382804528867597,1.6466547456441887,1.5633881580505273,0.1893671444130264
15,15,1.4023763384426426,0.7728376711105677,0.794666967366886,1.0072983988250594,0.14729648539858645,1.183042435223769,2.672797734495365,2.232742537044682,1.5294016401222101,0.262357000355705
16,16,1.3030997888394655,0.643376220449098,0.6725087674947031,1.0164412674934495,0.05874414038706973,0.9452681055212727,2.4355305662544637,1.9204826481837634,1.425291040898758,0.26691886635212225
17,17,1.1049171245196903,0.569898099803399,0.5296227506761972,1.0118698331592546,-0.11483858136845991,1.0938770615853326,2.1191743419332623,1.8916586584427557,1.1447947157182183,0.15287221644168714
18,18,1.1512214853420677,0.6293803879451553,0.5663211806795233,0.929584015143744,-0.01521719323050372,0.8263809406700247,2.2509894354004296,1.7283227165770445,1.2028729425577467,0.05251116452050432
19,19,0.7620796369908084,0.03105854840160649,0.45180848705803345,0.3307261173641964,0.25849005498691113,0.7817982538508067,1.7129202238674526,1.8051866892197321,1.3327960870432123,0.1848052784166091
20,20,0.9069196776432048,0.14652416655913347,0.5353993553989429,0.3581547233693663,0.35861458144879677,0.9204999461772628,1.8099361326592878,2.030974608857627,1.359469050480625,-0.11627787734693974
21,21,0.8102361722460808,0.23049916158278955,0.48425941358875224,0.4815834503926321,0.41546921205278164,1.267254176993403,1.6710030241448932,1.9012666550230914,1.1258655158594086,0.5953732180941755
22,22,0.8419083550485869,0.5174137279136142,0.4740654052544952,0.4541548443874618,0.35207378323771843,1.242486017649393,1.6182769867580262,2.2471545319151867,1.0695081253706804,0.4083367122410619
23,23,-0.02324232255671215,-0.3363320548268883,-0.1732541239708413,-0.3915605074386171,-0.33521316724939343,-0.14948453748396923,0.2647996070371521,0.5753631269367286,-0.0021427120905550797,-0.44473222908899296
24,24,0.10844727962212919,-0.24186018542527538,-0.06808593798908723,-0.3092746894231066,-0.2164725228021326,0.15764063838175482,0.416650594711329,0.5657551303563929,0.18887012284834034,-0.30331438320005344
25,25,0.12548728440476417,-0.35382684545681664,-0.05245512520989282,-0.382417638770227,0.00792716967023349,-0.08013369132074116,0.32938900283606415,0.3639872021693375,-0.054628220789981446,-0.05241175339709601
26,26,-0.321627623696112,0.9967709911736504,-0.6236593922061082,2.1272998107028394,0.677604278819828,0.8808708912268468,0.27903563713160634,0.8491910294763038,-0.722742933988415,3.551462383772655
27,27,-0.34589110876703777,0.9372887030318938,-0.6195817888724053,2.2735857093970804,0.7711880070706353,0.935360841783669,0.2998624218994186,0.7627190602532797,-0.6913376705862996,3.327930949948202
28,28,-0.4397963525148191,0.8148251686223957,-0.6489745129028471,1.8850137909905036,0.6383594895533603,0.727308303293985,0.19309219619101312,0.6522270995794164,-0.7248939794269164,2.9675435362312266
29,29,0.1412307670843723,3.638484376292828,-0.39701260690778833,3.0735867178812093,2.0224930186822365,2.2480732870161986,1.6907752881649682,1.589006766162173,-0.2938244735513008,4.961078976665633
30,30,0.18846121512319722,2.8582167141980244,-0.4272548316327517,2.29187144673386,1.936456365290366,1.7527101001359986,1.2650125362660176,1.9396986413444357,-0.21509621050216154,5.084249358568903
31,31,2.039709560801845,2.2074105027646906,2.6980582235116217,2.3055857497364456,0.5186125684582414,1.4554921880078788,-0.0022577723273287833,0.5897751218072327,-0.8986984508578031,0.32166125830913117
32,32,2.2804922370782075,2.4383417390797444,3.071838529101055,2.758157748821753,0.7882947100842241,2.1688151771153668,0.11716670235392485,0.9356629986993272,-0.8513754512107795,1.626354933284509
33,33,2.6879706123151283,3.0261667042453366,3.5475589180330607,3.261015525583205,1.0086692959651569,2.3818213474738523,0.31752564442401904,0.9692909867305033,-0.7214523067253146,1.922876223051641
34,34,2.224927004091355,2.2843875815363752,2.816988320744623,2.017585386682159,0.7133270998187919,1.7279419407919887,0.10688512506348578,0.5081071508743771,-0.8247024877733663,1.5305557473597438
35,35,2.113796538117649,2.371861534686017,2.596118140169049,2.269014275062885,0.5377318247675462,1.5694257209903246,0.014878189823403118,0.6378151047089123,-0.8449223148952762,1.6856591912379355
36,36,2.187883515433453,2.4453396553317157,3.5815389458139184,2.566157506785562,0.7807476352252878,1.990484429838495,0.09159457422129441,0.6858550876105924,-0.8272837422995675,1.5807362733203354
37,37,2.224927004091355,2.8302250491901395,2.9359184179776245,2.831300698168873,0.783263326844933,2.119278858427347,0.08948553272581979,0.7098750790614322,-0.8548171239123813,1.9456855530337274
38,38,3.8363187607100873,3.666476041300713,4.261139501431069,3.1147296268889644,2.7560686949708235,3.214031501432589,1.776455098918627,3.385702126684998,1.8266761197230588,2.7212027724246868
39,39,3.7992752720521863,3.4530395956155875,4.091239362526782,3.3341584749303257,2.484374000049125,3.3378722981526394,1.6119498622716024,3.097462229274919,1.7152519660087036,3.2412554960162714
40,40,0.662062217614473,0.7763366292365532,0.6932365844410262,1.0027269644908645,-0.035845864511595625,-0.14453090561516713,-0.25086103860640635,0.003687330406738837,-0.4517112087372799,0.8553995798899678
41,41,0.6515048233469712,0.6923616342128975,0.6558585538820828,1.0164412674934495,-0.001632458484418938,-0.015736477026315223,-0.2542882310365528,0.09496329791993047,-0.4960227447704019,0.969446229800403
42,42,1.5211007195912183,1.4201449244179156,1.457787209510321,1.048441307832815,1.086152597850234,1.8072000506928207,1.1693147784088544,2.136662571241323,1.0363820256177638,1.71303038721644
43,43,1.6877964185517769,1.399151175662002,1.6616673761954663,1.1032985198431549,1.1309319086799217,1.8171073144304246,1.2491947250499578,2.1847025541430027,1.1620030792262264,1.8088295731412056
44,44,1.1578893133004904,0.8498147498822523,1.0500268761400304,0.5592978340739475,0.6474159793840835,0.9006854187020548,0.6146368650990145,1.4016508328456214,0.5838020653571377,0.9831318277896549
45,45,0.81431095599845,0.9092970380240089,0.7951766677835989,0.41301193537970665,0.6031398068783256,1.0344334791597085,0.6091006311733932,1.886854660152588,0.3506287398236213,0.905580105850559
46,46,1.243274554656954,1.3606626362761594,1.236917028934747,0.9478697524805242,0.962380570163683,1.599147512203137,1.3847006411342058,2.266370525075858,0.9636766897964276,1.4028234994600561
47,47,2.076753049459747,1.6895647001188123,2.1034077373466147,1.7707279326356284,1.0906808427655958,1.8815045287248506,0.6879260570667591,1.6850867319655327,0.7081324917024998,2.6664603804676776
48,48,2.169361771104502,1.6650719932369127,2.154377779017901,1.738727892296263,1.1903022309035522,1.7527101001359986,0.695571332487855,1.6178307559031806,0.7713732275944315,2.4109958846683033
49,49,1.5766659525780713,1.2836855575044752,1.6616673761954663,1.3958703172316365,0.8129484879567483,1.326697759419027,0.3586519535857753,1.1710589149175585,0.289969258457891,2.29238736876145
50,50,1.9656225834860417,1.4026501337879878,2.001467654004042,1.4050131859000263,1.0992341942723902,1.7229883089231868,0.605146178369378,1.516946791809653,0.478831047958285,2.4931094726038165
51,51,1.780405140196532,1.3431678456462315,1.8995275706614696,1.4232989232368063,0.6544599159190906,1.059201638503719,0.11663944198005628,0.9596829901501671,-0.08603348419209712,2.050608470951328
52,52,2.039709560801845,1.658074076984941,2.239327848470045,1.6610135086149478,0.9251483341929313,1.415863133057463,0.2574179618029907,1.0797829474043668,0.013344815066652674,2.2467687087972763
53,53,-0.7824486226004118,-0.665234118669541,-0.7128569651308593,-0.7207037795006587,-0.7940753186727069,-0.5953114056761492,-0.7098411940590831,-0.6544604353462746,-0.7485554792504282,-0.5587788789994281
54,54,-0.7550364409935645,-0.7177184905593259,-0.6990950538796119,-0.784703860179389,-0.7417489329840834,-0.5804505100697432,-0.6455154284471053,-0.7217164114086264,-0.6702574252889889,-0.5359695490173411
55,55,-0.6648355461115733,-0.5742612073939135,-0.5577381383112446,-0.601846486811588,-0.4232623739369809,-0.3624907078424551,-0.36184934730576124,-0.4767124986100593,-0.31146304614700976,-0.4173610331104886
56,56,4.540145045210225,3.505523967505373,4.1761894319789254,2.698729102477217,2.6136805492988953,2.4164967705554665,3.0418799962034333,3.0109902600518947,2.4444563696605677,2.164655120861763
57,57,3.4288403854731673,2.634283394134942,3.1058185568819123,2.150156982373815,1.8222439657584666,2.0548816441329207,2.514619622334764,2.5401984276154335,1.8563605467743731,1.8681338310946316
58,58,6.577536921394829,4.709165562844441,5.994120918254805,3.7090160903343175,3.7090126804924854,3.352733193759045,4.5445720617291405,3.770021989898436,3.830590050230661,2.7303265044175213
59,59,3.4288403854731673,2.4138490321978447,3.0293634943749828,1.779870801304018,1.620988636186838,1.4753067154830868,2.4091675475610304,1.925286646473932,1.8950793646673934,1.4530040254206478
60,60,4.354927601920715,2.8337240073161247,3.9213392236224935,2.3055857497364456,2.376199260404374,2.6295029409139525,2.9891539588165665,3.087854232694583,2.5683565869182297,2.1007889969119193
61,61,-0.7631860084983028,-0.8611757737247382,-0.8231221552797421,-0.8167039005187541,-1.039606820750094,-0.7637348892154172,-0.5076368406804483,-0.7697563943103062,-0.33039224600581923,-0.5085983530388366
62,62,-0.6439059750198587,-0.6442403699136269,-0.6877117445730248,-0.578989315140613,-0.8131945749820118,-0.5210069276441193,-0.177308216451727,-0.3854365310968677,-0.19616701064335207,-0.1938295992860356
63,63,-0.5255520287578621,-0.6722320349215123,-0.5908686653975807,-0.6201322241483681,-0.9570921356257261,-0.8083175760346352,-0.5830350741436681,-0.8177963772119861,-0.5928197895029503,-0.7458153848525417
64,64,0.3440438674863854,0.017062715897663814,0.2105502898139448,0.17986878433576065,0.0672974918938639,0.009031682317694911,0.3818514100359966,-0.03954865420477293,0.21511287719805344,-0.05697361939351352
65,65,0.39553431672086914,0.052052297157520654,0.2397731137054821,0.04272575430991007,0.10452972786461535,-0.030597372632721123,0.4915215678006801,0.2198672534642981,0.28953904937019065,-0.08434481537201798
66,66,-0.564818126735238,-0.8751716062286808,-0.5791455558131848,-0.8669896781948994,-1.130674857381256,-1.0163701145243191,-0.7156410581716384,-0.9090723447251776,-0.5962614622045521,-0.8279289727880551
67,67,-0.6001946584035345,-0.8541778574727669,-0.6364019026239298,-0.8349896378555342,-1.129668580733398,-0.9866483233115072,-0.8258384763101903,-0.9667203242071934,-0.7967388970728522,-0.8461764367737246
68,68,-0.49147201919259215,-0.7037226580553831,-0.5477140301158916,-0.7298466481690488,-1.0919332064387175,-0.9519729002298931,-0.7686307257454397,-0.9186803413055137,-0.7033835250419055,-0.7959959108131333
69,69,-0.438314612968503,-0.6582362024175695,-0.44339534482865883,-0.5378464061328577,-0.9369666026685632,-0.8826220540666652,-0.5253000632050489,-0.7697563943103062,-0.36523918210953665,-0.7230060548704547
70,70,-0.708361645284608,-0.9626455593783225,-0.7137064658253808,-0.8624182438607043,-1.2383464587020772,-1.0906745925563492,-0.8714464986498303,-1.0147603071088733,-0.7610315427937344,-0.9647849526805772
71,71,-0.7050277313053968,-0.9521486850003654,-0.7257693756875851,-0.9584183648787996,-1.221742894012418,-1.1154427519003594,-0.8717101288367644,-1.043584296849881,-0.7803909517402441,-0.9419756226984902
72,72,-0.36330154843625173,-0.38181851046470194,-0.5516217333106902,-0.23156030574179126,-0.584266637594284,-0.5556823507257331,-0.4093027809539414,-0.3854365310968677,-0.5067779719629073,-0.4173610331104886
73,73,-0.3968259056716528,-0.4133091335985729,-0.5947763685923794,-0.17670309373145096,-0.6536997262964959,-0.5160532957753171,-0.4354021694604404,-0.5247524815117393,-0.562274944276235,-0.46754155907107997
74,74,0.6403917767496006,0.1885116640709615,0.41375085594347294,0.2118688246751259,0.21270446750936595,0.09819705595613076,0.5801013106106165,0.20545525859379404,0.3067474128781993,0.02057810254558255
75,75,0.7791196417734433,0.46842831414981473,0.6009808090159982,0.3490118547009765,0.4109409671374203,0.19726969333217087,0.7704423055772062,0.4552631696825291,0.5102363113604009,0.1756815464237743
76,76,0.82190487117332,0.5559022672994564,0.604548711932988,0.5455835310713623,0.5835174122450919,0.4102758636906567,0.7807238828676452,0.5657551303563929,0.5463738747272188,0.24410953637003532
77,77,0.7848613825154179,0.6118855973152271,0.6111748173502551,0.5501549654055572,0.43408533003815725,0.5539311878859148,0.7301068869762529,0.6474231012892485,0.3850454668396382,0.12550102046318287
78,78,-0.2177206380106973,-0.4832882961182863,-0.27961161092492554,-0.368703335767642,-0.7060261119851193,-0.6299868287577632,-0.32625927206962607,-0.5007324900608991,-0.36136730032023456,-0.5542170130030106
79,79,-0.19790237157871976,-0.42730496610251556,-0.25344698953366523,-0.1812745280656461,-0.6914351005911763,-0.6151259331513572,-0.28776926477721315,-0.548772472962579,-0.3450193549876265,-0.6317687349421065
80,80,-0.002868403794866042,-0.11939665101577704,-0.13247809063381236,-0.2178460027392063,-0.2008752347603313,-0.36744433971125723,-0.000939621392657185,-0.2557285772623322,-0.3523329094785301,-0.367180507149897
81,81,0.07862727125251823,-0.010928949110221537,-0.06332873409976725,0.01986858263893484,-0.021254853117652586,-0.20397448804079116,0.07604039319216858,-0.2653365738426682,-0.2645702555876864,-0.3261237131821404
82,82,1.4470137422754148,0.8953012055200661,1.2685184547709445,0.8518696314624287,0.5462851762743403,0.603467506573935,1.1463789521455672,1.0221349679223508,1.0208944984605561,0.39921298024822705
83,83,1.6563094531925604,1.0772470280713207,1.4520106047875754,1.13529856018252,0.7173522064102246,1.0146189516845006,1.2689669890700328,1.0461549593731911,1.1120988250530017,0.5132596301586624
84,84,0.4744369475621999,0.11153458529927696,0.4727062041432607,0.230154562011906,-0.3447727954040459,-0.3426761803672473,-0.1525269788798996,-0.24612058068199621,-0.21466600141446138,-0.08890668136843528
85,85,0.45776737766614406,0.2549918684646893,0.48969621803368946,0.3901547637087316,-0.3452759337279749,-0.3327689166296433,-0.17203561271304024,-0.18847260119998038,-0.21122432871285965,-0.0022312274365046004
86,86,0.44683954851206314,0.14652416655913347,0.41969736080512304,0.16158304699898055,-0.24414513061823143,-0.2237890155159992,-0.051556617284049484,-0.2172965909409883,-0.12131062938351468,0.13006288645960018
87,87,0.4557299857899596,0.1325283340551908,0.3942123399694798,0.22101169334351575,-0.4091745008669669,-0.3179080210232372,-0.1796808881341361,-0.23651258410166026,-0.3170557642871125,-0.12996347533619187
88,88,0.2931090705817702,0.2969793659765173,0.2847966505151185,0.2941546426906362,-0.2023846497321186,-0.1197627462711572,0.15697486058100912,-0.14523661658846862,0.01979795138215576,-0.25769572323587936
89,89,0.2981099415505868,0.3039772822284885,0.29634985996061,0.1752973500015657,-0.2189882144217779,-0.2287426473848013,0.14932958515991365,-0.06837264394578085,-0.009886475669159052,-0.25769572323587936
90,90,0.2049455675759635,0.3039772822284885,0.19474957689584577,0.2987260770248311,-0.2959683779829257,-0.18415996056558315,0.09528539683837511,-0.10200063197695665,-0.08302202057819556,-0.21663892926812256
91,91,0.7957892116694991,-0.12639456726774853,0.017203931740865045,-0.1447030533920859,-0.5183555171595755,-0.6200795650201592,-0.3217775588917425,-0.29896456187384396,-0.3699714820742389,-0.4766652910639148
92,92,0.08325770733475588,-0.10889977663781995,-0.03597481173617683,0.0015828453021547366,-0.41873412902161933,-0.4764242408249013,-0.29515091001137456,-0.5535764712527471,-0.35405374582933097,-0.4356084970961581
93,93,0.7024396202515861,0.5034178954096715,0.6378491391582284,0.5044406220636072,1.7055158746069217,-0.08508732318954328,0.16145657375889286,-0.044352652494941025,0.04130840576716663,0.025139968541999857
94,94,0.65576482454263,0.42644081663798666,0.6837221766623863,0.5821550057449225,0.05622844876742442,-0.13957727374636522,0.20838274703320447,0.09976729621009855,0.04819175117037007,-0.02504055741859155
95,95,0.13511859145581842,-0.15438623227563372,0.08822218980285751,-0.02127432636882029,-0.6305553633957587,-0.6894304111833871,-0.36844010197911964,-0.4142605208378756,-0.46934978133298866,-0.3398093111713925
96,96,0.7087370133234295,0.538407476669528,0.5853499962368035,0.5364406624029724,0.09949834462532452,0.09324342408732887,0.2879990634873738,0.13819928253144245,0.15402318674462276,0.07988236049900878
97,97,0.7878248616080501,0.4579314397718579,0.7017315913862407,0.7832981164495036,0.19106951958041532,-0.03555100450152324,0.4546133416298731,0.2534952414954739,0.22844935891675996,0.0023306385599129106
98,98,0.058994222263830075,-0.21736747854337576,0.007009923406607997,-0.18584596239984102,-0.5943294040728653,-0.5804505100697432,-0.35684037375400895,-0.289356565293508,-0.5214050809447145,-0.43104663109974073
99,99,0.015468123090795276,-0.19987268791344734,-0.009470390067107988,-0.1127030130527208,-0.6174737669736027,-0.6200795650201592,-0.4132572337579566,-0.5968124558642589,-0.48225605396399507,-0.31699998118930556
100,100,0.04047247793487919,-0.2943445573150603,-0.020683799234790953,-0.1675602250630609,-0.6038890322275177,-0.7191522023961991,-0.3357499587992619,-0.6352444421856027,-0.3957840273362518,-0.5998356729671848
101,101,0.050289002429223184,-0.2278643529213327,-0.010999491317246486,-0.19041739673403613,-0.6220020118889643,-0.6597086199705753,-0.38373065282131097,-0.39504452767720366,-0.5205446627693142,-0.5359695490173411
102,102,0.6555796070993402,0.4789251885277718,0.6584070559656472,0.5730121370765326,-0.0665373022712692,-0.0949945869271473,0.12982095132677302,0.013295326987074809,0.02237920590835715,0.15287221644168714
103,103,0.06714378976856843,-0.21386852041739002,0.0331745447978683,-0.12184588172111085,-0.6018764789318014,-0.6299868287577632,-0.3473496870243729,-0.5199484832215711,-0.39492360916085145,-0.26225758923229664
104,104,0.060661179253435726,-0.1893758135354904,0.05288296091076562,-0.08527440704755065,-0.633574193339333,-0.6547549881017732,-0.3784580490826244,-0.5055364883510672,-0.4366538906677723,-0.4082373011176538
105,105,0.794307472123183,0.11503354342526254,0.6968044873580165,0.23472599634610095,-0.03383331121587934,-0.055365531976731254,0.30487139545117126,0.28231923123648184,0.4431236936791675,0.1848052784166091
106,106,0.830239656121348,0.09403979466934868,0.6910278826352705,0.19815452167254075,-0.08364400528485755,0.013985314186496805,0.32121646704109974,0.18143526714295422,0.3424547671573172,0.01601623654916504
107,107,0.6633587397174999,0.14652416655913347,0.5450836633164874,0.23929743068029588,-0.023267406413368875,0.06847526474331875,0.553738291917183,0.4888911577137051,0.5691749563753301,0.038825566531251986
108,108,0.6520604756768394,0.24099603596074662,0.5370983567879857,0.19815452167254075,0.01648052117702766,0.2715741713642008,0.6046189179955092,0.37359519874967345,0.5850926926202384,-0.05697361939351352
109,109,0.09566727603515288,0.12553041780321963,-0.1348566925784723,0.16615448133317567,-0.43785338533092394,-0.1197627462711572,0.17121089067546338,0.12378728766093838,0.03958756941636557,-0.4721034250674974
110,110,0.20513078501925322,0.3634595703702448,-0.051605624515371394,0.25301173368288105,-0.3075405594332944,-0.06031916384553315,0.3776333270450474,0.18143526714295422,0.23705354067076448,-0.3306855791785577
111,111,0.7659692032998879,0.8533137080082381,0.591636301376262,0.669012258094628,0.16289377344038775,0.8610563637516387,1.073617020551691,0.8684070226369757,0.7726638548575322,0.11637728847034806
112,112,0.746706589197779,0.9512845355358366,0.4698179017818879,0.8335838941256486,0.0396248840777651,0.5985138747051326,0.9866190588633607,0.8251710380254639,0.6655417920201784,-0.05241175339709601
113,113,0.21513252695688645,0.3424658216143309,-0.0023345842331277825,0.1890116530041505,-0.339741412164755,-0.0949945869271473,0.2054828149769268,0.2534952414954739,0.1634877866740276,-0.39455170312840143
114,114,0.014542035874347747,-0.2068706041654187,-0.13825469535655813,-0.11727444738691573,-0.5973482340164398,-0.38725886718646524,-0.02255729672127282,-0.2221005892311562,0.0378667330655649,-0.4812271570603322
115,115,0.6270561208327557,0.7343491317247255,0.3821494301072754,0.7787266821153083,-0.07458751545413413,0.3954149680842506,0.7314250379109245,0.6137951132580726,0.4827029297475871,-0.11627787734693974
116,116,1.7063181628807278,1.6160865794731132,2.0864177234561856,1.560441953262657,2.4541857006133796,1.594193880334335,4.280941874794806,1.7571467063180521,5.837515444352163,1.7449634491913617
117,117,2.3175357257361093,2.6377823522609276,2.6470881818403353,2.259871406394496,3.2667540937588315,2.243119655147397,4.623661117809442,2.175094557562667,5.837515444352163,1.8498863671089623
118,118,0.09511162370528449,-0.23486226917330402,0.1308671246678338,-0.3321318610940818,0.6338312446379989,-0.07022642758313716,0.39397839863497625,0.08055130304942662,0.5777791381293347,0.03426370053483468
119,119,0.5196300037248401,0.31447415660644557,0.7092071974980292,0.12044013799122541,0.9201169509536407,0.46476581424747887,1.9082701923857943,0.5321271423252169,2.454781387765373,0.3855273822589749
120,120,0.9936014411026953,0.8708084986381663,1.116457830451607,0.6644408237604328,2.0818633409058673,0.9997580560780949,1.776455098918627,1.0557629559535269,1.9776795095058346,0.8189046519186286
121,121,1.0258292762350698,0.9197939124019656,1.0741526958644396,0.8198695911230638,1.518348418105307,1.0542480066349167,1.7263653634011034,0.978898983310839,2.074476554238383,0.9922555597824899
122,122,0.05102987220238114,-0.003931032858250044,-0.15337580771903966,0.056440057312495046,0.8154641795763937,0.42513675929706285,0.7266796945461067,0.5417351389055526,0.6483334285121701,0.545192692133584
123,123,-0.14437453046805138,-0.035421655992120986,-0.3818914945453068,0.010725713970544788,0.846155617336067,0.439997654903469,0.6673629024858814,0.5033031525842092,0.8100920454874507,0.6273062800690975
124,124,-0.3090328375524254,-0.329334138574917,-0.4330314363554973,-0.2727032147495466,0.6861576303266224,0.18736242959456684,0.7973325846445082,0.12859128595110647,0.6750063919495832,0.7413529299795327
125,125,-0.6276068400103818,-0.8016934855829819,-0.731545980410331,-0.8167039005187541,-0.2008752347603313,-0.5606359825945353,-0.3676492114183166,-0.5775964627035869,-0.366099600284937,-0.45385596108182774
126,126,-0.5687076930443178,-0.7597059880711539,-0.7033425573522192,-0.7481323855058287,-0.050436875905538886,-0.44670244961208927,-0.33864989085553976,-0.5391644763822431,-0.26586088285078685,-0.4629796930746626
127,127,-0.504437240222858,-0.7632049461971395,-0.6391203048463985,-0.793846728847779,0.043649990669197676,-0.42193429026807916,-0.19918952196727674,-0.4767124986100593,-0.0911959932444997,-0.3398093111713925
128,128,-0.5512972533751038,-0.654737244291584,-0.6798963381834275,-0.4875606284567125,-0.6853974407040275,-0.6993376749209912,-0.6992959865817095,-0.6448524387659387,-0.9025703326471052,-0.6272068689456891
129,129,-0.5835250885074785,-0.5917559980238419,-0.6649451259598502,-0.5012749314592977,-0.7025041437176158,-0.6844767793145852,-0.6937597526560887,-0.6304404438954346,-0.868153605631088,-0.6408924669349414
130,130,-0.5570389941170788,-0.6792299511734836,-0.6809157390168532,-0.560703577803833,-0.6874099939997438,-0.8033639441658331,-0.7675762049977023,-0.8033843823414821,-0.8707348601572892,-0.6728255289098632
131,131,0.18549773603056507,0.43693769101594376,-0.147089502579581,0.48615488472682705,0.43056336177065396,0.03875347353050672,0.19889206030356843,0.16702327227245015,-0.3170557642871125,0.6455537440547672
132,132,0.2192073107092557,0.5034178954096715,-0.1300994886891523,0.7284409044391633,0.5558448044289926,0.1526870065129527,0.28009015787934344,0.493695156003873,-0.18067948348614432,0.6957342700153584
133,133,-0.36348676587954115,-0.308340389819003,-0.517811605668737,-0.1264173160553058,-0.41370274578232846,-0.5903577738073473,-0.4812738219870149,-0.3806325328066996,-0.6573511526579826,-0.4356084970961581
134,134,-0.3421867599012477,-0.34682892920484526,-0.5198504073355884,-0.13098875038950092,-0.39357721282516583,-0.42688792213688126,-0.4095664111408759,-0.33259254990501974,-0.5489384625575284,-0.34437117716781
135,135,-0.35552241581809235,-0.15088727414964798,-0.5133942020572255,-0.04413149803979552,-0.38603013796622965,-0.38725886718646524,-0.5110640331105948,-0.3181805550345159,-0.6311083983082695,-0.13908720732902669
136,136,-0.3647832879825678,-0.329334138574917,-0.5210397083079185,-0.20870313407081625,-0.4282937571762717,-0.5011924001689112,-0.466246901331758,-0.39504452767720366,-0.5786228896088433,-0.3763042391427318
137,137,-0.27143369656465494,-0.024924781614164213,-0.5584177388668617,0.0838686633176652,-0.5596128597217596,-0.48633150456250507,-0.47969204086540884,-0.5199484832215711,-0.5781926805211429,-0.681949260902698
138,138,-0.3734885078171747,-0.15788519040161933,-0.6172031869277453,-0.2909889520863265,-0.802628670179501,-0.7241058342650012,-0.6281158361094393,-0.6640684319266106,-0.6835939070076956,-0.7731865808310462
139,139,0.37127083164994334,1.23120118561469,-0.1025756661866577,0.9935840958224746,0.500499588796795,0.30624959444581473,0.4812399905102411,0.5657551303563929,-0.09205641141990005,0.13006288645960018
140,140,0.43128128327574405,1.3186751387643316,-0.037503912986315474,1.2084415095296406,0.4894305456703549,0.31615685818341877,0.4851944433142559,0.3880071936201775,-0.11184602945411004,0.4083367122410619
141,141,0.3244108184976974,0.14652416655913347,0.39591134135852263,0.015297148304739916,0.5553416661050634,0.4102758636906567,1.9873592484660947,0.5177151474547128,2.4126208971707515,0.22130020638794837
142,142,0.3445995198162539,0.2374970778347607,0.42921176858376303,-0.016702892034625366,0.6257810314551338,0.40532223182185484,1.1964686876630908,0.29673122610698566,1.8365709287401635,0.2304239383807832
143,143,-0.6840981602136822,-0.8576768155987526,-0.6617170233206687,-0.8898468498658745,-0.8690429289381386,-0.8429929991162491,-0.775221480418798,-0.8658363601136659,-0.6384219527991731,-0.8142433747988028
144,144,-0.6570564134934138,-0.8156893180869246,-0.6224700912337783,-0.7801324258451939,-0.8001129785598557,-0.8727147903290612,-0.6763601603184225,-0.83220837208249,-0.6595021980964836,-0.7959959108131333
145,145,0.07492292238672796,0.03455750652759239,0.10606170438780765,0.16615448133317567,0.08390105658352345,-0.09994821879594919,0.6470633780919374,0.16702327227245015,1.2235229787673576,-0.0478498874006787
146,146,0.04621421867685393,-0.014427907236207129,0.1580511468925197,0.20272595600673565,-0.46753854644273923,-0.3426761803672473,-0.49788252376387804,-0.31337655674434806,-0.5910989531521494,-0.31699998118930556
147,147,-0.4831372342445644,-0.6197476630317272,-0.3839302962121582,-0.44184628511476226,-0.9148285164156841,-0.8330857353786452,-0.8574740987423103,-0.8706403584038338,-1.0114132318352596,-0.7595009828417939
148,148,0.9602623013105837,0.5943908066852988,1.0979387153110396,1.2404415498690058,0.3888028808845409,0.18736242959456684,0.3539066102209575,0.3880071936201775,0.40741633940004957,-0.10259227935768742
149,149,1.3632954579085563,1.105238693079206,1.4917672372911785,1.4232989232368063,1.2768420226193529,0.9155463143084609,1.3570194715061008,1.271942879011086,1.427442086337259,0.45395537220523596
150,150,0.8726544506346455,0.6818647598349404,0.9630380050210351,0.696440864099798,0.445154373164597,0.2567132757577949,0.5321206165885678,0.3591832038791696,0.5777791381293347,0.07075862850617395
151,151,0.32274386150809176,0.17451583156701883,0.43991547733473324,0.3352975516983913,0.028555840951325396,-0.09994821879594919,0.28272645974868704,0.003687330406738837,0.46248310262567716,-0.25769572323587936
152,152,0.8069022582668695,0.7553428804806394,0.8799568370968386,0.8884411061359889,0.5568510810768507,0.42513675929706285,0.6755354382808454,0.43604717652185715,0.9249578719034083,0.0479492985240868
153,153,1.3560719776202652,1.294182431882432,1.4661123163166312,1.7478707609646529,1.3241370250686852,1.103784325322937,1.5919139680645928,0.7098750790614322,1.542738121840917,0.5315070941443321
154,154,1.1969701938345765,1.0982407768272344,1.2708970567156048,1.277013024542566,1.1817488793967583,0.8362882044076289,1.287157471968502,0.9452709952796635,1.325052323464608,0.28516633033779193
155,155,0.657616998975525,0.3984491516301013,0.7482842294460155,0.6552979550920429,0.3973562323913353,0.4201831274282609,0.4812399905102411,0.2438872449151379,0.6664022101955791,0.139186618452435
156,156,1.1580745307437799,0.8918022473940802,1.236917028934747,1.2084415095296406,1.0876620128220214,0.7223546714251826,1.130033880555639,0.9692909867305033,1.134469697613413,0.4220223102303142
157,157,1.5766659525780713,1.2836855575044752,1.7126374178667527,1.7158707206252881,1.5485367175410512,1.366326814369443,1.5898049265691185,1.23831489097991,1.6821258662557863,0.6318681460655149
158,158,0.11215162848791947,-0.038920614118106885,0.1713033577270542,0.11586870365703028,0.0028957864309428795,-0.005829213288711213,0.19731027918196237,-0.16925660803930845,0.1931722137253424,-0.16645840330753114
159,159,1.145850179486672,0.7413470479766967,1.2029370011538896,1.0118698331592546,1.0866557361741638,0.7124474076875789,1.0860076393376046,0.9164470055386553,1.095320670632693,0.3125375263162964
161,161,0.1532699008981905,-0.06341332100000634,0.20256498328544317,0.05186862297830012,-0.15911475387421828,-0.29809349354802916,0.1522295172161913,-0.33259254990501974,0.1746732229542331,-0.26225758923229664
162,162,0.36738126534086346,0.3214720728584168,0.43142047038951875,0.3444404203667816,-0.0328270345680213,-0.03555100450152324,0.14115704936494922,-0.07317664223594894,-0.22972331948396896,-0.21207706327170525
163,163,0.5003673896227313,0.21300437095286126,0.5116133359523425,0.5135834907319974,0.16138435846860047,-0.14453090561516713,0.22710049030554244,-0.09239263539662067,-0.14755338373322777,-0.2394482592502097
164,164,0.37275257119625926,0.24099603596074662,0.40729465066510995,0.27586890535385605,0.0758508434006583,-0.3228616528920393,0.07129504982735037,-0.2172965909409883,0.029692760399260762,-0.1892677332896183
165,165,0.4266508471935066,0.26898770096863195,0.48374971317203935,0.5364406624029724,0.08792616317495602,-0.14948453748396923,0.14458424179509544,-0.28455256700334014,-0.2193983013791636,-0.2805050532179663
166,166,-0.02583536676276533,-0.12289560914176263,0.13817283064071806,0.01986858263893484,-0.5022550907938452,-0.45165608148089115,-0.4164207960011687,-0.322984553324684,-0.7055345704804067,-0.5679026109922629
167,167,0.28014384955150445,0.11153458529927696,0.7265370116662666,0.5775835714107276,0.1684282950036076,0.058568001005714736,0.11268498917604111,0.032511320147746756,-0.2417691739395748,-0.11171601135052224
168,168,-0.2577276057612312,-0.371321636086745,-0.1708755220261814,-0.19498883106823106,-0.7115606335483392,-0.7340130980026052,-0.7151137977977696,-0.5391644763822431,-1.0066809318705572,-0.5633407449958455
169,169,-0.736699914107903,-0.9451507687483942,-0.7320556808270439,-0.8578468095265093,-0.9540733056821518,-0.9371120046234872,-0.7583491484550006,-0.9523083293366895,-0.6827334888322951,-0.8644239007593942
170,170,-0.78689384123936,-0.997635140638179,-0.7651862079133801,-1.0589899202310902,-1.0567135237636822,-1.0262773782619232,-0.9044002720166221,-1.0531922934302171,-0.91246514166421,-0.8826713647450639
171,171,-0.7776329690748847,-0.9906372243862078,-0.7573708015237827,-0.9218468902052395,-1.062248045326902,-1.0312310101307254,-0.8000027179906254,-1.0195643053990413,-0.7868440880557473,-0.8689857667558116
172,172,-0.0023127514649976567,-0.038920614118106885,0.015844730629630894,0.1387258753280055,0.25144611845190445,0.004078050448892796,0.5769377483674044,0.30153522439715374,1.115540497754603,0.21217647439511356
173,173,-0.5353685532522061,-0.5497685005120139,-0.5035399940007768,-0.5058463657934926,-0.2843961965325572,-0.5259605595129211,-0.33258639655605016,-0.31337655674434806,-0.3084515825331082,-0.3398093111713925
174,174,0.11993076110607867,0.1780147896930044,0.2000164812018788,3.837016251691778,0.28465324783122264,-0.005829213288711213,0.5795740502367476,0.18143526714295422,1.255358451257173,0.038825566531251986
175,175,0.1586412067535861,0.27248665909461756,0.24537981828932381,0.2072973903409306,0.40892841384170375,0.07838252848092275,0.42561402106709645,0.2775152329463137,0.8397764725387655,0.0479492985240868
176,176,-0.5866737850434002,-0.7946955693310106,-0.5927375669255279,-0.6201322241483681,-0.8282887246998838,-0.8182248397722391,-0.7029868091987902,-0.8466203669529939,-0.6728386798151903,-0.7686247148346288
177,177,-0.6031581374961665,-0.7772007787010822,-0.6194118887335011,-0.7435609511716338,-0.8941998451345922,-0.9024365815418732,-0.8237294348147156,-0.9811323190776974,-0.7791003244771434,-0.8872332307414813
178,178,-0.6735407659461802,-0.9031632712365663,-0.6770080358220546,-0.8349896378555342,-0.9671549021043074,-0.9965555870491112,-0.7533401749032482,-0.9811323190776974,-0.7958784788974518,-0.9647849526805772
179,179,-0.5696337802607654,-0.8681736899767095,-0.5713301494235876,-0.7664181228426089,-0.7850188288419837,-0.9073902134106753,-0.48443738423022664,-0.9186803413055137,-0.3407172641106244,-0.8644239007593942
180,180,0.40998127729745076,0.2794845753465887,0.4271729669169115,0.3855833293745367,-0.05496512082090071,-0.20892811990959329,0.06602244608866398,-0.12121662513762858,0.1772544774804345,-0.275943187221549
181,181,-0.3871945986205984,0.09054083654336278,-0.30798493412194156,0.08844009765186012,0.09748579132960823,-0.020690108895117115,-0.23583411795114928,-0.14523661658846862,-0.38287775470524543,-0.05241175339709601
182,182,-0.3758963345799383,0.4824241466537574,-0.279271810647117,0.5638692684081423,0.1835224447214794,0.2666205394953987,-0.21606185393107416,0.06133530988875467,-0.3437287277245258,0.1802434124201916
183,183,-0.826530374103315,-0.7107205743073546,-0.7485359943007597,-0.8441325065239242,-0.837848352854536,-0.9172974771482791,-0.9739986413672863,-0.8514243652431619,-1.0165757408876621,-0.636330600938524
184,184,-0.2995867479446604,0.3774554028741875,-0.20060804633443172,0.056440057312495046,0.28867835442265566,-0.07518005945193927,-0.32151392870480805,-0.15964861145897247,-0.5196842445939138,0.038825566531251986
185,185,-0.5396285544478647,-0.16488310665359066,-0.5096563990013312,-0.3092746894231066,-0.1918187449296079,-0.28323259794162325,-0.5751261685356381,-0.48151649690022724,-0.6220740074665648,-0.275943187221549
186,186,-0.5035111530064104,-0.07041123725197783,-0.43999734205057317,-0.10356014438433075,-0.0916942184677227,-0.17425269682797914,-0.40772099983233556,-0.3902405293870356,-0.5584030624869332,-0.19839146528245313
187,187,-0.622605969041565,-0.2733508085591463,-0.5769368540074291,-0.31841755809149663,-0.41269646913447045,-0.3971661309240692,-0.6742511188229479,-0.4142605208378756,-0.7498461065135287,-0.3078762491964708
188,188,-0.6279772748969609,-0.255856017929218,-0.5560391369222017,-0.2955603864205216,-0.44238163024628574,-0.5011924001689112,-0.7172228392932445,-0.5727924644134189,-0.7829722062664453,-0.31699998118930556
189,189,-0.6402016261540684,-0.35732580358280236,-0.5839027597025049,-0.5104178001276876,-0.5264057303424406,-0.5210069276441193,-0.8029026500469032,-0.6256364456052668,-0.8857921782267966,-0.4173610331104886
190,190,-0.6085294433515622,-0.4867872542442719,-0.7050415587412621,-0.560703577803833,0.07283201345708375,-0.28818622981042513,-0.2975235816937837,-0.22690458752132428,-0.3574954185309327,-0.22576266126095737
191,191,-0.602602485166298,-0.42380600797653,-0.6821050399891833,-0.5698464464722229,0.1417619638353666,-0.2584644385976131,-0.24400665374611372,-0.322984553324684,-0.09592829320920193,-0.3306855791785577
192,192,-0.6296442318865664,-0.371321636086745,-0.7181238694368922,-0.5469892748012477,0.06880690686565118,-0.19902085617198928,-0.29066919683349085,-0.27014057213283604,-0.3996559091255539,-0.25313385723946186
193,193,-0.6068624863619567,-0.3188372641969599,-0.6917893479067276,-0.4509891537831523,0.137233718920005,0.04370710539930883,-0.22291623879136702,-0.08758863710645279,-0.32565994604111687,-0.20751519727528775
194,194,-0.5976016141974813,-0.4902862123702576,-0.6936582494346747,-0.5104178001276876,0.032580947542757976,-0.30304712541683126,-0.41378449413182516,-0.3806325328066996,-0.4667685268067873,-0.275943187221549
195,195,-0.5601876906530003,-0.4482987148584296,-0.719143270270318,-0.5744178808064179,0.20364797767864232,-0.08508732318954328,-0.28038761954305197,-0.18847260119998038,-0.3321130823566201,-0.14364907332544422
196,196,-0.6037137898260351,-0.3643237198347737,-0.6865224436006947,-0.5287035374644676,0.08239164161173618,-0.19902085617198928,-0.30806878917115704,-0.3277885516148519,-0.3587860457940334,-0.21207706327170525
197,197,0.5175926118486557,1.826024067032253,0.5331906535931872,1.8118708416433835,2.3203509064482475,2.1044179628209405,1.4136999616969825,1.6466547456441887,1.2841824601330878,1.2385963235890298
198,198,-0.17141627718831992,0.1430252084331479,-0.29065511995370413,0.2987260770248311,1.4076579868409114,1.247439649518195,0.5682379521985718,0.7579150619631119,0.4327986755743619,0.5953732180941755
199,199,-0.5963050920944547,-0.39231538484265904,-0.6826147404058961,-0.5698464464722229,0.12868036741321082,-0.24855717486000908,-0.21527096337027113,-0.3277885516148519,-0.2903828008496993,-0.20751519727528775
200,200,-0.5674111709412911,-0.34682892920484526,-0.6549210177644972,-0.44641771944895736,0.18050361477790533,-0.14948453748396923,-0.2859238534686726,-0.2221005892311562,-0.304149491656106,-0.12540160933977457
201,201,0.9978614422983539,2.6307844360089563,0.6028497105439452,0.5318692280687771,3.623982303748472,3.5013421498231043,3.120969052283734,3.1262862190159266,4.073658184781282,2.287825502765033
202,202,1.1506658330121993,3.2920875218202466,0.9186940687670161,2.657586193469462,4.037562006018169,4.170082452111375,3.2791471644443346,3.289622160881638,3.8370431865461634,2.3927484206826333
203,203,-0.46739375156495605,-0.10889977663781995,-0.5415976251153373,-0.2864175177521316,0.43660102165780257,0.09819705595613076,-0.0043668138228034154,0.09015929962976259,-0.06624386615788712,-0.03872615540784388
205,205,-0.13696583273647114,0.12553041780321963,-0.0023345842331277825,0.21644025900932085,1.0433858403162632,0.7817982538508067,0.40979620985103615,0.5129111491645449,0.9133422265355025,0.3809655162625574
206,206,-0.04417189364842664,0.12902937592920521,0.007859424101129267,0.1752973500015657,1.0303042438941077,0.6827256164747666,0.3423068819958464,0.5177151474547128,0.9034474175183976,0.4174604442338967
208,208,-0.1927162831666134,-0.003931032858250044,-0.10036696438090197,-0.13098875038950092,0.5538322511332766,0.1130579515625369,-0.009639417561490183,-0.015528662753933107,0.6737157646864825,-0.03872615540784388
209,209,-0.13548409319015492,-0.01792686536219272,-0.03478551076384672,-0.03041719503721034,0.9241420575450733,0.48953397359148876,0.2745539239537226,0.2534952414954739,0.8612869269237763,0.15743408243810464
210,210,-0.2221658566496454,0.03105854840160649,-0.12194428202174648,0.07015436031508002,0.5166000151625253,0.20717695706977488,-0.03152072307703992,0.10457129450026643,0.6552167739153733,-0.02047869142217424
211,211,0.8519100969862203,1.357163678150174,1.0168963490536944,1.4507275292419768,2.212679305127426,2.357053188129843,1.2586854117795938,1.9204826481837634,1.9522971733315215,1.9000668930695537
212,212,0.9723014351244017,1.7035605326227548,1.1438117528151972,1.5512990845942671,2.549278843835974,2.822694583797231,1.4382175690818757,2.2615665267856904,2.0348973181699628,2.0141135429799886
213,213,0.6941048353035582,0.9197939124019656,0.8405400048710439,0.9661554898173043,2.109535948721966,1.8171073144304246,1.0385542056894246,1.4112588294259576,1.7548312020771228,1.4393184274313955
214,214,0.805605736163843,1.0877439024492777,1.0226729537764399,1.094155651174765,2.287646915392858,1.742802836398395,1.2858393210338304,1.536162784970325,2.010805609258751,1.4621277574134828
215,215,0.30588907416874617,0.485923104779743,0.4354980737232218,0.5455835310713623,1.4665251707406128,1.1384597484045507,0.712180034264718,1.0557629559535269,1.4618588133532766,0.9876936937860726
216,216,0.33811690930112076,0.49641997915770003,0.4455221819185747,0.36272615770356165,1.517342141457449,0.9502217373900746,0.6850261250104814,0.8491910294763038,1.562957948962827,0.736791063983115
217,217,0.458508247439302,0.7203532992207828,0.5931654026264007,0.7558695104443333,1.7819928998441403,1.5347502979087109,0.8743125992293339,1.2623348824307499,1.6111413667852512,1.0698072817215858
218,218,0.44776563572851047,0.6643699692050121,0.5588455745677345,0.8061552881204787,1.6853903416497584,1.326697759419027,0.8305499881982344,1.2094909012389023,1.5375756127885143,0.9922555597824899
219,219,0.6309456871418355,0.9617814099137936,0.8583795194559939,0.9112982778069639,1.8790985963624514,1.5248430341711068,1.1041981222360737,1.2575308841405821,1.8851845556502878,1.329833643517378
220,220,1.0504631961925748,1.325673055016303,1.3476919195003427,1.2952987618793461,2.658962998452513,2.1836760727217728,1.3733645430960293,1.7715587011885563,1.8916376919657911,1.758649047180614
221,221,1.2073423706587894,1.794533443898382,1.457787209510321,1.6335849026097773,2.916569820304197,2.683992891470775,1.6058863679721125,2.2519585302053544,0.6246719286886581,2.255892440790111
222,222,0.9545205605686087,0.8638105823861949,1.0500268761400304,1.0027269644908645,1.9389720569100108,1.6486838308911567,1.4566716821672792,1.4016508328456214,2.598901432144945,1.421070963445726
223,223,0.7813422510929172,1.4831261706856576,1.0174060494704071,1.313584499216126,1.7211131626487228,1.8072000506928207,0.9344202818503623,1.4016508328456214,1.2618115875726765,1.3343955095137954
224,224,1.0210136227095425,1.399151175662002,1.0330368622496018,1.2815844588767609,2.6720445948746687,2.5948275178323392,1.3591285130015758,2.0838185900494746,1.9303565098588111,1.8362007691197095
225,225,0.3810873561442872,0.6223824716931842,0.511783236091247,0.5501549654055572,0.8144579029285357,0.5192557648043006,0.11953937403633394,0.493695156003873,-0.07312721156109056,1.151920869657099
226,226,0.3360795174249363,0.5489043510474851,0.47185670344873915,0.3535832890351714,0.757100134000621,0.48953397359148876,0.05231367636807831,0.4216351816513531,-0.11657832941881227,1.2249107255997775
227,227,0.13141424259002832,0.6293803879451553,0.2630494327353696,0.7010122984339929,1.3568410161240747,1.0938770615853326,0.48282177163184714,0.6954630841909282,0.576488510866234,0.8097809199257935
228,228,0.32792994992019775,1.0282616143075214,0.48120121108847524,1.1810129035244705,1.7382198656623116,1.5248430341711068,0.712970924825521,1.1854709097880625,0.7580367458757246,1.3891379014708043
229,229,-0.3612641565600671,-0.23136331104731828,-0.302887929954813,-0.20413169973662112,0.11056738775176422,-0.11480911440235508,-0.30015988356312706,-0.24131658239182813,-0.05333759352688076,-0.29875251720363594
230,230,-0.43016504546376466,-0.26635289230717496,-0.39395440440751117,-0.2635603460811565,0.07786339669637458,-0.18415996056558315,-0.4351385392735063,-0.30376856016401205,-0.16433153815353604,-0.3306855791785577
231,231,-0.4151624325573143,-0.3118393479449886,-0.3713576859332409,-0.15384592206047593,-0.0398709711030282,-0.13957727374636522,-0.40719373945846676,-0.24131658239182813,-0.21208474688825998,-0.31699998118930556
232,232,1.4840572309333164,2.095443842733149,2.018457667894471,1.971871043340209,2.02601498694974,2.243119655147397,1.604568217037441,2.266370525075858,0.5455134565518185,3.054218990163158
233,233,1.4284919979464634,1.826024067032253,0.21751619550902038,1.6930135489543126,2.069788021131569,1.886458160593653,1.5913867076907247,1.8580306704115797,0.5381999020609151,2.4246814826575553
234,234,1.4840572309333164,2.0744500939772355,2.018457667894471,1.9398710030008437,2.1150704702851866,2.228258759540991,1.6325130168524806,1.8964626567329237,0.6164979560223539,2.707517174435435
235,235,-0.13826235483949767,-0.19637372978746176,0.02026213424114234,-0.24070317441018133,0.14478079377894112,0.07342889661212086,0.051786415994209745,0.07094330646909064,0.3226651491231072,-0.07522108337918315
236,236,-0.2610615197404424,-0.43080392422850133,-0.10716296993707349,-0.4189891134437872,-0.025279959709085163,-0.18911359243438527,-0.05498380971419571,-0.20768859436065235,0.20521806818094862,-0.15277280531827903
237,237,1.004714487700066,1.115735567457163,1.1582532646220618,1.1215842571799348,1.9475254084168052,1.5496111935151167,1.3288110415041263,1.4592988123276371,0.9327016354820121,2.2650161727829463
238,238,0.9734127397841388,0.9617814099137936,1.1393943492036858,0.8701553687992089,1.9480285467407343,1.3019296000750167,1.336192686738288,1.089390943984703,0.8664494359761791,2.4201196166611383
239,239,0.9626701280733473,1.0667501536933635,1.11458892892366,1.1810129035244705,1.8458914669831332,1.4257703967950666,1.2665943173876237,1.324786860202934,0.9438870717622176,1.8042677071447883
240,240,1.0132344900913832,1.2801865993784889,1.1755830787902992,1.2084415095296406,1.9892858893029182,1.6239156715471468,1.3520104979543484,1.3872388379751177,0.8858088449226886,1.813391439137623
241,241,1.1484432236927253,1.2696897250005321,1.3468424188058212,1.3638702768922712,2.243873881211028,1.7279419407919887,1.566869100305831,1.6322427507736847,1.0867164888786884,2.29238736876145
242,242,-0.328110234211245,-0.5462695423860283,-0.23424827383748062,-0.5652750121380279,-0.11282602807274363,-0.3723979715800591,-0.3004235137500613,-0.4286725157083795,-0.23832750123797328,-0.19839146528245313
243,243,-0.3697841589513846,-0.6442403699136269,-0.3524987705148649,-0.6704180018245133,-0.09823501667880058,-0.36744433971125723,-0.36237660767963004,-0.43828051228871545,-0.4091205090549585,-0.11171601135052224
244,244,-0.06065624610119307,-0.3363320548268883,-0.0499066231263284,-0.4647034567857375,0.010945999613808035,-0.18911359243438527,-0.04180230036747898,-0.1500406148786365,0.22371705895205757,-0.2348863932537922
245,245,0.5400039224866865,0.5244116441655854,0.5928256023485923,0.32615468303000145,1.0031347744019377,0.870963627489243,0.8432042371710823,0.8107590431549598,1.2622417966603767,0.6638012080404369
246,246,0.4677691196037776,0.538407476669528,0.5960537049877738,0.36272615770356165,0.8919412048136126,0.7074937758187769,0.8007597770746541,0.5945791200974005,1.214918797013353,0.545192692133584
247,247,0.6559500419859193,0.6818647598349404,0.7304447148610652,0.4952977533952173,1.1515605799610138,0.851149100014035,0.9998005682100777,1.031742964502687,1.3646315595330278,0.914703837843394
248,248,0.5850117612060374,0.4649293560238291,0.7246681101383196,0.2712974710196612,1.1570951015242334,0.7074937758187769,0.910693565026272,0.6618350961597522,1.4902526131414904,0.6136206820798452
249,249,0.5277795712295786,0.3319689472363739,0.5683599823463749,0.13415444099381038,1.0931965343852414,0.6926328802123709,0.9655286439086131,0.6666390944499205,1.3762472049009336,0.6546774760476018
250,250,0.6448369953885487,0.5978897648112844,0.710226598331455,0.2987260770248311,1.208415210564999,0.7570300945067968,1.0572719489617621,0.8347790346057997,1.3732357412870322,0.577125754108506
251,251,-0.5562981243439206,-0.6792299511734836,-0.4845111784434966,-0.7161323451664636,0.0808822266399489,-0.3377225484984452,-0.583562334517537,-0.3518085430656917,-0.8277139513872677,0.09356795848826091
252,252,-0.5881555245897163,-0.6932257836774263,-0.4986128899725525,-0.8258467691871441,-0.4710605147102428,-0.5110996639065152,-0.6755692697576194,-0.4959284917707313,-0.8694442328941887,-0.02504055741859155
253,253,-0.5416659463240494,-0.6932257836774263,-0.45070105080154327,-0.7252752138348536,-0.4182309906976903,-0.40211976279287115,-0.5793442515265873,-0.34700454477552384,-0.7855534607926467,0.07988236049900878
254,254,-0.6596494576994669,-0.6022528724017989,-0.7062308597135921,-0.6292750928167582,-0.45043184342915094,-0.5903577738073473,-0.6779419414400285,-0.6592644336364426,-0.606156271221657,-0.604397538963602
255,255,-0.6348303202986727,-0.6757309930474978,-0.7356235837440339,-0.793846728847779,-0.22452273598499753,-0.5556823507257331,-0.3787216792695587,-0.6256364456052668,-0.2465014739042772,-0.48578902305674965
256,256,-0.6413129308138056,-0.7317143230632686,-0.7485359943007597,-0.793846728847779,-0.262258110279678,-0.5160532957753171,-0.35947667562335234,-0.5679884661232509,-0.24994314660587894,-0.4629796930746626
257,257,-0.4140511278975772,-0.4867872542442719,-0.5516217333106902,-0.31841755809149663,0.7757162519859971,0.2913886988394088,0.44696806620877727,0.2534952414954739,0.9447474899376184,-0.10715414535410493
258,258,-0.35700415536440827,-0.36082476170878797,-0.5176417055298327,-0.03956006370560039,0.8869098215743221,0.4350440230346666,0.5002213639695131,0.258299239785642,1.0583226890904749,-0.12540160933977457
259,259,-0.3871945986205984,-0.2943445573150603,-0.5235882103914827,-0.21327456840501116,0.7882947100842241,0.5093485010666968,0.4886216357444025,0.45045917139236125,0.9365735172713138,0.043387432527669495
260,260,-0.34255719478782665,-0.33983101295287393,-0.4994623906670739,-0.0578458010423805,0.8979788647007617,0.42513675929706285,0.5605926767774756,0.4120271850710173,1.0514393436872713,0.06619676250975645
261,261,-0.3575598076942768,0.09054083654336278,-0.20502544994594318,-0.3092746894231066,-0.4277906188523427,-0.4764242408249013,-0.7293498278922237,-0.587204459283923,-0.8414806421936746,-0.35805677515706213
262,262,-0.5753755210027401,-0.5532674586379996,-0.448152548717979,-0.6338465271509531,-0.9027531966413864,-0.8776684221978632,-1.010643237351159,-0.8994643481448417,-1.0694914586747886,-0.7549391168453765
263,263,-0.6140859666502476,-0.6092507886537702,-0.49606438788898816,-0.7389895168374387,-0.8282887246998838,-0.8083175760346352,-0.8543105364990984,-0.7505404011496343,-0.9288130869968183,-0.6500161989277762
264,264,-1.0191565151244049,-0.5252757936301143,-0.9254020389001234,-0.8578468095265093,-1.034072299186874,-0.9916019551803094,-1.1527399081087653,-0.9282883378858496,-1.3568711292585323,-0.782310312823881
265,265,-0.37793372645612294,-0.04941748849606366,-0.22813186883692635,-0.08070297271335553,0.08792616317495602,-0.08013369132074116,-0.31149598160130343,-0.17406060632947654,-0.8922453145423,0.29885192832704427
266,266,-0.8596842964521373,-0.9066622293625518,-0.8168358501402835,-0.9767041022155798,-0.9052688882610318,-0.9965555870491112,-1.0093250864164873,-1.024368303689209,-1.200275021335654,-0.6317687349421065
267,267,-0.8580173394625317,-0.7911966112050248,-0.8175154506959007,-1.00413270822075,-0.9374697409924924,-0.9519729002298931,-1.0188157731461231,-0.9667203242071934,-1.206728157651157,-0.6272068689456891
268,268,-0.690951205615394,-0.5987539142758133,-0.6387805045685898,-0.6795608704929034,-0.9007406433456702,-0.8429929991162491,-0.9015003399603443,-0.7697563943103062,-1.1551030671271314,-0.6773873949062806
269,269,-0.7002120777798696,-0.6022528724017989,-0.6328339997069399,-0.793846728847779,-0.906778303232819,-0.8479466309850512,-1.0080069354818155,-0.8898563515645057,-1.15252181260093,-0.8142433747988028
270,270,-0.7029903394292122,-0.5777601655198993,-0.6397999054020156,-0.7298466481690488,-0.8916841535149469,-0.8083175760346352,-1.0000980298737854,-0.8802483549841698,-1.1228373855496152,-0.782310312823881
271,271,-0.291807615326501,-0.27684976668513206,-0.14012359688450515,-0.28184608341793643,-0.5269088686663699,-0.6052186694137532,-0.7203864015364564,-0.6592644336364426,-1.2441563482810758,-0.4173610331104886
272,272,-0.29773457351176535,-0.21036956229140444,-0.16526881744233984,-0.1995602654024262,-0.5374747734688804,-0.48633150456250507,-0.7541310654640513,-0.7457364028594663,-1.1899500032308488,-0.43104663109974073
273,273,-0.32792501676795527,-0.1473883160236624,-0.2145398577245833,-0.33670329542827676,-0.16213358381779258,-0.2683717023352171,-0.36791284160525106,-0.33259254990501974,-0.31318388249781043,-0.40367543512123627
274,274,-0.5003624564704887,-0.39931330109463026,-0.3818914945453068,-0.44641771944895736,-0.4680416847666685,-0.4764242408249013,-0.5832987043306022,-0.6208324473150988,-0.5347415626634212,-0.6408924669349414
275,275,-0.4610963584931127,-0.3643237198347737,-0.3686392837107723,-0.44184628511476226,-0.41521216075411577,-0.3426761803672473,-0.5709080855446886,-0.47190850031989123,-0.5011852538228045,-0.5815882089815151
276,276,-0.3833050323115187,-0.17537998103154773,-0.31393143898359166,-0.05327436670818537,0.13874313389179227,0.3359713856586268,-0.36184934730576124,0.20545525859379404,-0.17938885622304382,-0.05697361939351352
277,277,-0.4355363513191604,-0.30134247356703164,-0.33737765815238335,-0.35498903276505683,-0.29445896301113866,-0.3773516034488612,-0.5353180103085534,-0.36141653964602766,-0.4018069545640549,-0.4082373011176538
278,278,-0.4299798280204751,-0.287346641063089,-0.3462124653754064,-0.368703335767642,-0.24565454559001867,-0.34762981223604916,-0.4857555351648986,-0.4190645191280435,-0.3691110638988386,-0.45385596108182774
279,279,-0.622235534154986,-0.5427705842600425,-0.5490732312271259,-0.6429893958193432,-0.7306798898576439,-0.5556823507257331,-0.8440289592086593,-0.7217164114086264,-0.8105055878792591,-0.6408924669349414
280,280,-0.5705598674772129,-0.39231538484265904,-0.4732977692758135,-0.4509891537831523,-0.6325679166914749,-0.4566097133496933,-0.7451676391082839,-0.5055364883510672,-0.6289573528697683,-0.3763042391427318
281,281,-0.5757459558893191,-0.4692924636143436,-0.4598756583023748,-0.47841775978832246,-0.6909319622672471,-0.5011924001689112,-0.7876120992047116,-0.5343604780920752,-0.7395210884087235,-0.5314076830209237
282,282,-0.5690781279308968,-0.4902862123702576,-0.48468107858240084,-0.5287035374644676,-0.6089204154668085,-0.6151259331513572,-0.7188046204148504,-0.6016164541544269,-0.6805824433937941,-0.5815882089815151
283,283,-0.5185137659128607,-0.42030704985054423,-0.3893671006570954,-0.382417638770227,-0.5404936034124547,-0.5110996639065152,-0.6637059113455746,-0.5535764712527471,-0.5898083258890487,-0.4401703630925755
284,284,-0.6727998961730222,-0.6057518305277846,-0.6024218748430723,-0.560703577803833,-0.8685397906142095,-0.6151259331513572,-0.9333995925793988,-0.7409324045692983,-0.8845015509636961,-0.6454543329313588
285,285,-0.6364972772882782,-0.5917559980238419,-0.5754077527572905,-0.601846486811588,-0.7508054228148068,-0.5854041419385452,-0.8529923855644268,-0.7361284062791303,-0.7223127249007151,-0.6910729928955329
286,286,-0.649462498318544,-0.6267455792836987,-0.5801649566466106,-0.6064179211457832,-0.7719372324198277,-0.5507287188569312,-0.862746702480997,-0.6448524387659387,-0.7588804973552332,-0.6500161989277762
287,287,-0.6881729439660514,-0.5987539142758133,-0.6319844990124184,-0.6384179614851483,-0.7115606335483392,-0.5408214551193272,-0.8466652610780027,-0.6832844250872825,-0.8457827330706768,-0.5952738069707674
288,288,-0.6618720670189411,-0.570762249267928,-0.6165235863721282,-0.6612751331561233,-0.6889194089715308,-0.5507287188569312,-0.8100206650941302,-0.6640684319266106,-0.7937274334589508,-0.5679026109922629
289,289,-0.6857651172032878,-0.6057518305277846,-0.6214506904003525,-0.7115609108322687,-0.7035104203654741,-0.5358678232505252,-0.8171386801413573,-0.6112244507347628,-0.7954482698097517,-0.5222839510280888
290,290,-0.8300495055258157,-0.9276559781184658,-0.782346121942713,-0.9675612335471899,-1.0159593195254277,-0.8182248397722391,-1.0520331766998494,-0.9090723447251776,-1.0376559861849728,-0.7777484468274636
291,291,-0.43109113268021215,-0.22436539479534695,-0.21572915869691325,-0.26813178041535146,0.008933446318091747,-0.11480911440235508,-0.0452294927976254,-0.17406060632947654,-0.04731466629907764,-0.19839146528245313
292,292,-0.6531668471843342,-0.6897268255514405,-0.5991937722038908,-0.7252752138348536,-0.3035154528418618,-0.5110996639065152,-0.34207708328568615,-0.5631844678330831,-0.0851730660166966,-0.5314076830209237
293,293,-0.640757278483937,-0.5217768355041286,-0.5747281522016734,-0.6658465674903185,-0.2884213031239898,-0.3525834441048513,-0.2967326911329806,-0.4190645191280435,0.009042724189650424,-0.5724644769886803
294,294,-0.68113468112105,-0.6792299511734836,-0.6234894920672039,-0.6475608301535383,-0.3593638067979889,-0.44174881774328717,-0.37292181515700334,-0.46710450202972337,-0.057209475316182645,-0.5268458170245062
295,295,-0.6707625042968375,-0.665234118669541,-0.6109168817882866,-0.7252752138348536,-0.3769736481355065,-0.4764242408249013,-0.36844010197911964,-0.5439684746724112,-0.14282108376852537,-0.49947462104600177
296,296,-0.5281450729639152,-0.3748205942127306,-0.48739948080486944,-0.47841775978832246,0.03509663916240328,-0.18415996056558315,-0.2809148799169205,-0.2653365738426682,0.146279423166019,-0.24401012524662702
297,297,-0.515365069376939,-0.31533830607097435,-0.4721084683034836,-0.31841755809149663,0.027549564303467364,-0.040504636370325135,-0.07818326616441723,-0.14043261829830053,0.23275144979376242,-0.3215618471857229
298,298,-0.4386850478550821,-0.21036956229140444,-0.44101674288399895,-0.31841755809149663,0.14025254886357932,-0.03555100450152324,0.0016966804766863864,-0.09239263539662067,0.3196536855092058,-0.1847058672932008
299,299,-0.5031407181198314,-0.2908455991890747,-0.4540990535796291,-0.3275604267598867,0.06528493859814762,-0.04545826823912725,-0.057092851209670344,-0.05876464736544487,0.3054567856150986,-0.2394482592502097
300,300,-0.48554506100732797,-0.192874771661476,-0.4330314363554973,-0.26813178041535146,0.1623906351164585,0.1427797427753487,0.00934195589778188,-0.11160862855729262,0.3605235488407261,-0.17102026930394867
301,301,-0.8113425437535753,-0.8331841087168529,-0.7447981912448653,-0.8715611125290944,-0.9641360721607332,-0.7439203617402093,-1.010643237351159,-0.8802483549841698,-0.8552473330000815,-0.7230060548704547
302,302,-0.8041190634652844,-0.84368098309481,-0.7434389901336312,-0.8578468095265093,-0.9586015505975134,-0.7488739936090112,-0.9913982337049523,-0.7793643908906421,-0.8711650692449894,-0.7686247148346288
303,303,-0.7917094947648873,-0.7981945274569962,-0.7249198749930639,-0.8349896378555342,-0.955582720653939,-0.7885030485594272,-1.0148613203421082,-0.798580384051314,-0.8849317600513963,-0.7959959108131333
304,304,-0.797451235506862,-0.8331841087168529,-0.721521872214978,-0.8395610721897292,-0.9706768703718112,-0.8083175760346352,-1.0227702259501383,-0.861032361823498,-0.8827807146128952,-0.7184441888740373
305,305,-0.8959869153368811,-1.0221278475200788,-0.8453790734762038,-0.999561273886555,-1.06878884353798,-0.9965555870491112,-1.0124886486596991,-0.9667203242071934,-0.8974078235947024,-0.8233671067916377
306,306,-0.9058034398312252,-1.0186288893940931,-0.8373937669477022,-1.0452756172285051,-1.0924363447626466,-0.9816946914427052,-1.0182885127722547,-0.9811323190776974,-0.9012797053840045,-0.7047585908847851
307,307,-0.884318216409642,-1.0116309731421218,-0.8294084604192009,-1.04070418289431,-1.0858955465515685,-1.021323746393121,-0.9663533659461906,-0.9523083293366895,-0.8264233241241672,-0.7777484468274636
308,308,-0.9152495294389901,-1.0221278475200788,-0.850815877921141,-1.0269898798917252,-1.110549324424093,-1.0114164826555174,-1.0114341279119619,-0.9427003327563536,-0.9210693234182146,-0.8324908387844724
309,309,-0.8000442797129151,-0.8576768155987526,-0.7536329984678884,-0.7984181631819739,-0.8036349468273593,-0.7141985705273972,-0.7749578502318637,-0.7745603926004742,-0.6539094799563808,-0.6545780649241936
310,310,-0.7915242773215977,-0.8646747318507237,-0.7388516863832153,-0.8532753751923142,-0.816213404925586,-0.7686885210842193,-0.7691579861193084,-0.8466203669529939,-0.6646647071488861,-0.46754155907107997
311,311,-0.7893016680021236,-0.9136601456145231,-0.7580504020793999,-0.8852754155316794,-0.7819999988984091,-0.7637348892154172,-0.7528129145293795,-0.8418163686628259,-0.6526188526932801,-0.7001967248883677
312,312,-0.7311433908092176,-0.8891674387326236,-0.7648464076355713,-0.8578468095265093,-0.6441400981418435,-0.6349404606265652,-0.6760965301314882,-0.7889723874709781,-0.5183936173308131,-0.6682636629134459
313,313,-0.7491094828083001,-0.8051924437089675,-0.7342643826327996,-0.807561031850364,-0.6567185562400704,-0.7141985705273972,-0.6716148169536045,-0.6160284490249308,-0.4899998175425988,-0.6682636629134459
314,314,-0.8244929822271305,-0.8646747318507237,-0.8032438390279404,-0.9447040618762147,-0.7679121258283951,-0.6993376749209912,-0.7330406505093044,-0.7793643908906421,-0.5592634806623337,-0.7640628488382113
315,315,-0.806897325114627,-0.7492091136931968,-0.7227111731873082,-0.793846728847779,-0.8972186750781665,-0.7835494166906253,-0.8957004758477889,-0.8418163686628259,-0.7980295243359529,-0.805119642805968
316,316,-0.8131947181864705,-0.7772007787010822,-0.7293372786045753,-0.8029895975161689,-0.9022500583174573,-0.9222511090170812,-0.8859461589312184,-0.9378963344661856,-0.8186795605455631,-0.8370527047808898
317,317,-0.8118981960834438,-0.7911966112050248,-0.7293372786045753,-0.8212753348529491,-0.9198598996549748,-0.9073902134106753,-0.9257543171583031,-0.861032361823498,-0.8350275058781713,-0.8370527047808898
318,318,-0.7318842605823757,-0.7072216161813689,-0.6992649540185164,-0.8807039811974844,-0.7075355269569067,-0.7191522023961991,-0.7654671635022277,-0.8466203669529939,-0.6323990255713702,-0.5998356729671848
319,319,-0.7592964421892231,-0.6932257836774263,-0.6802361384612362,-0.8532753751923142,-0.7035104203654741,-0.5953114056761492,-0.721704552471128,-0.7889723874709781,-0.5661468260655369,-0.7412535188561243
320,320,-0.7467016560455365,-0.7457101555672112,-0.6909398472122061,-0.7618466885084139,-0.6889194089715308,-0.6745695155769812,-0.6945506432168915,-0.7505404011496343,-0.5433457444174256,-0.45385596108182774
321,321,-0.7565181805398804,-0.7037226580553831,-0.6785371370721932,-0.7618466885084139,-0.7165920167876298,-0.6646622518393772,-0.7246044845274057,-0.6976964199577865,-0.5988427167307533,-0.6910729928955329
322,322,-0.8659816895239806,-0.9696434756302937,-0.7964478334717688,-1.017847011223335,-1.0265252243279381,-1.0361846419995273,-1.0011525506215229,-1.0003483122383694,-0.927952668821418,-0.8963569627343161
323,323,-0.8554242952564786,-0.9206580618664945,-0.7889722273599803,-0.9309897588736297,-1.0099216596382785,-0.9519729002298931,-1.0022070713692601,-1.024368303689209,-0.9167672325412121,-0.9237281587128205
324,324,-0.8507938591742408,-0.8926663968586092,-0.7857441247207988,-0.8761325468632893,-0.9847647434418251,-0.9767410595739032,-0.9497446641693275,-0.9715243224973615,-0.8797692509989938,-0.9009188287307335
325,325,-0.6848390299868402,-0.654737244291584,-0.639460105124207,-0.7024180421638786,-0.6411212681982691,-0.4665169770872973,-0.49340081058599433,-0.5247524815117393,-0.18627220162624705,-0.6135212709564369
326,326,-0.7109546894906611,-0.7002236999293976,-0.659508321514913,-0.7161323451664636,-0.6959633455065379,-0.5358678232505252,-0.5912076099386325,-0.6304404438954346,-0.24090875576417448,-0.6773873949062806
327,327,-0.7061390359651339,-0.6967247418034118,-0.6578093201258701,-0.7481323855058287,-0.689925685619389,-0.5655896144633371,-0.5382179423648311,-0.6688724302167786,-0.2082128650989581,-0.6226450029492717
328,328,-0.7003972952231591,-0.6582362024175695,-0.6612073229039559,-0.6887037391612935,-0.647158928085418,-0.48633150456250507,-0.49023724834278215,-0.6832844250872825,-0.23230457401017016,-0.5405314150137585
329,329,-0.8496825545145037,-0.9451507687483942,-0.7679046101358487,-0.98584697088397,-1.105014802860873,-0.9866483233115072,-0.9866528903401343,-1.043584296849881,-0.8285743695626682,-0.951099354691325
330,330,-0.8433851614426604,-0.9416518106224085,-0.752783497773367,-0.9584183648787996,-1.0833798549319231,-0.9618801639674972,-0.9486901434215903,-0.9427003327563536,-0.7468346428996273,-0.9146044267199858
331,331,-0.8276416787630521,-0.8856684806066378,-0.7269586766599152,-0.9492754962104097,-1.062248045326902,-0.9569265320986952,-0.9215362341673536,-0.9763283207875295,-0.7489856883381284,-0.8644239007593942
332,332,-0.7968955831769935,-0.8121903599609388,-0.7356235837440339,-0.8487039408581192,-0.8031318085034302,-0.7439203617402093,-0.8002663481775598,-0.8418163686628259,-0.6909074614985993,-0.805119642805968
333,333,-0.816343414722392,-0.8506788993467811,-0.7774190179144886,-0.9172754558710445,-0.8126914366580825,-0.8776684221978632,-0.7670489446238336,-0.83220837208249,-0.5979822985553529,-0.7230060548704547
334,334,-0.8196773287016031,-0.8786705643546665,-0.7772491177755845,-0.8487039408581192,-0.7981004252641394,-0.7637348892154172,-0.790248401074055,-0.6832844250872825,-0.624225052905066,-0.6773873949062806
335,335,-0.787634711012518,-0.8296851505908672,-0.7487058944396641,-0.8029895975161689,-0.7467803162233742,-0.7587812573466152,-0.7412131863042688,-0.7073044165381225,-0.5545311806976311,-0.6500161989277762
336,336,-0.7157703430161884,-0.7282153649372829,-0.6569598194313486,-0.6658465674903185,-0.6023796172557304,-0.6250331968889612,-0.6138798060149853,-0.7073044165381225,-0.4431070269832756,-0.5359695490173411
337,337,-0.7141033860265827,-0.7142195324333402,-0.663076224431903,-0.6521322644877332,-0.6079141388189503,-0.6498013562329712,-0.6067617909677582,-0.6784804267971145,-0.4443976542463761,-0.48578902305674965
338,338,-0.727994694273296,-0.7702028624491108,-0.6821050399891833,-0.6658465674903185,-0.5827572226224967,-0.6498013562329712,-0.6252159040531616,-0.6496564370561067,-0.4844070994024961,-0.43104663109974073
339,339,-0.7446642641693517,-0.8681736899767095,-0.7159151676311365,-0.6887037391612935,-0.6099266921146665,-0.6745695155769812,-0.6563242661114131,-0.5727924644134189,-0.520114453681614,-0.5679026109922629
340,340,-0.6411277133705161,-0.6442403699136269,-0.5844124601192179,-0.6932751734954885,-0.3603700834458469,-0.5061460320377131,-0.4203752488051835,-0.4911244934805632,-0.19530659246795154,-0.43104663109974073
341,341,-0.6574268483799929,-0.6792299511734836,-0.6686829290157446,-0.5332749717986628,-0.3960929044448111,-0.5408214551193272,-0.45965614665839943,-0.4767124986100593,-0.3377058004967229,-0.48578902305674965
343,343,-0.6440911924631482,-0.6617351605435552,-0.5862813616471649,-0.6155607898141732,-0.40665880924732156,-0.5655896144633371,-0.4095664111408759,-0.5199484832215711,-0.1385189928915233,-0.48578902305674965
344,344,-0.6248285783610392,-0.5287747517560999,-0.5412578248375287,-0.3641319014334469,-0.42175295896519366,-0.45165608148089115,-0.4209025091790521,-0.4238685174182116,-0.2292931103962686,-0.44473222908899296
345,345,-0.6074181386918253,-0.5882570398978562,-0.5249474115027171,-0.44641771944895736,-0.4056525325994633,-0.5011924001689112,-0.38926688674693205,-0.5727924644134189,-0.17293571990754053,-0.5542170130030106
346,346,-0.6031581374961665,-0.4832882961182863,-0.512544701362704,-0.4007033761070071,-0.36791715830478305,-0.4120270265304751,-0.3578948945017463,-0.37582853451653175,-0.13765857471612278,-0.4173610331104886
347,347,-0.7572590503130385,-0.7667039043231252,-0.6849933423505562,-0.7527038198400238,-0.6874099939997438,-0.7290594661338032,-0.675832899944554,-0.6496564370561067,-0.5205446627693142,-0.6910729928955329
348,348,-0.7894868854454132,-0.8611757737247382,-0.7351138833273211,-0.9127040215368495,-0.73822696471658,-0.7736421529530212,-0.6890144092912707,-0.827404373792322,-0.5407644898912244,-0.782310312823881
349,349,-0.796339930847125,-0.8261861924648816,-0.7432690899947269,-0.8807039811974844,-0.7638870192369626,-0.7389667298714072,-0.7211772920972594,-0.8658363601136659,-0.5725999623810402,-0.7777484468274636
350,350,-0.7068799057382918,-0.7212174486853116,-0.6369116030406426,-0.7801324258451939,-0.5892980208335746,-0.4912851364313072,-0.4404111430121931,-0.5295564798019071,0.3889173486289403,-0.45385596108182774
351,351,-0.6611311972457831,-0.6967247418034118,-0.5925676667866236,-0.7161323451664636,-0.4609977482316614,-0.5606359825945353,-0.39427586029868456,-0.587204459283923,-0.13120543840061968,-0.5679026109922629
352,352,-0.7241051279642162,-0.7597059880711539,-0.6972261523516649,-0.807561031850364,-0.6808691957886657,-0.7290594661338032,-0.5872531571346173,-0.7697563943103062,-0.38373817288064577,-0.7321297868632894
353,353,-0.7183633872222415,-0.7737018205750965,-0.6831244408226089,-0.8395610721897292,-0.45697264164022877,-0.5309141913817232,-0.4738921767528535,-0.548772472962579,-0.27790673730639287,-0.5177220850316714
354,354,-0.680393811347892,-0.7107205743073546,-0.6552608180423057,-0.7984181631819739,-0.41923726734554834,-0.5160532957753171,-0.4098300413278102,-0.5343604780920752,-0.2008993106080545,-0.5314076830209237
355,355,-0.855609512699768,-0.9661445175043081,-0.754652399301314,-1.008704142554945,-1.039606820750094,-1.0411382738683292,-0.9212726039804193,-1.0195643053990413,-0.7408117156718242,-0.9875942826626644
356,356,-0.8626477755447695,-0.9416518106224085,-0.7854043244429902,-0.9721326678813849,-0.9389791559642795,-0.8529002628538532,-0.7441131183605465,-0.9330923361760176,-0.5097894355768088,-0.8963569627343161
357,357,-0.8193068938150242,-0.84368098309481,-0.7322255809659481,-0.9127040215368495,-0.815710266601657,-0.8231784716410412,-0.6439336473254994,-0.822600375502154,-0.3734131547758406,-0.7868721788202984
358,358,-0.8422738567829234,-0.8751716062286808,-0.7495553951341855,-0.9309897588736297,-0.9022500583174573,-0.8429929991162491,-0.7309316090138298,-0.8994643481448417,-0.40653925452875717,-0.8689857667558116
359,359,-0.8807990849871413,-0.8926663968586092,-0.7621280054131028,-1.0269898798917252,-0.9289163894856981,-1.0015092189179131,-0.7211772920972594,-0.9042683464350096,-0.614330243887961,-0.8644239007593942
360,360,-0.8056008030116005,-0.8786705643546665,-0.7097987626305822,-0.8715611125290944,-0.8126914366580825,-0.8330857353786452,-0.7048322205073306,-0.8898563515645057,-0.4628966450174854,-0.8507383027701421
361,361,-0.8296790706392367,-0.8086914018349532,-0.7376623854108854,-0.8212753348529491,-0.8247667564323802,-0.7934566804282291,-0.6937597526560887,-0.8802483549841698,-0.3897611001084489,-0.8461764367737246
362,362,-0.8293086357526578,-0.8716726481026953,-0.7412302883278755,-0.8258467691871441,-0.8252698947563092,-0.7785957848218232,-0.7267135260228805,-0.8466203669529939,-0.45988518140358386,-0.905480694727151
363,363,-0.8319016799587108,-0.8751716062286808,-0.7476864936062383,-0.8898468498658745,-0.8700492055859967,-0.8628075265914572,-0.7372587335002538,-0.8562283635333299,-0.5016154629105047,-0.8370527047808898
364,364,-0.6420538005869636,-0.4937851704962432,-0.5417675252542415,-0.4692748911199324,-0.4584820566120161,-0.6052186694137532,-0.43856573170365276,-0.5775964627035869,-0.23746708306257275,-0.6089594049600195
365,365,-0.6548338041739398,-0.5112799611261717,-0.539049123031773,-0.5652750121380279,-0.43282200209163335,-0.4813778726937032,-0.4514836108634348,-0.5775964627035869,-0.20262014695885536,-0.5998356729671848
366,366,-0.8880225652754323,-1.0011340987641648,-0.8445295727816824,-1.1367043039124056,-1.0572166620876116,-1.0064628507867153,-0.9418357585612975,-1.0099563088187054,-0.7700659336354388,-0.9237281587128205
367,367,-0.9550712797462347,-1.1235976331736632,-0.8958394147307773,-1.1641329099175757,-1.2328119371388575,-1.135257279375567,-1.1110863385731404,-1.0724082865908893,-1.0040996773443558,-1.0012798806519165
368,368,-0.9193243131913593,-1.0431215962759928,-0.8635583883389626,-1.1321328695782107,-1.1608631568170003,-1.0758136969499432,-1.0293609806234967,-1.091624279751561,-0.8694442328941887,-0.951099354691325
369,369,-0.9519225832103131,-1.0886080519138064,-0.9038247212592787,-1.191561515922746,-1.21520209580134,-1.0510455376059331,-1.0939503764224086,-1.1060362746220649,-0.9881819410994479,-0.9374137567020727
370,370,-0.9537747576432081,-1.1340945075516202,-0.89515981417516,-1.0864185262362605,-1.2247617239559925,-1.0411382738683292,-1.0467605729611629,-1.086820281461393,-0.936126641487722,-0.9419756226984902
371,371,-0.9484034517878124,-1.0886080519138064,-0.8779999001458271,-1.1549900412491856,-1.2101707125620493,-1.021323746393121,-1.03199728249284,-1.0579962917203851,-0.910314096225709,-0.7595009828417939
372,372,-0.9328451865514935,-1.0116309731421218,-0.8564225825049824,-1.1367043039124056,-1.14476273045127,-1.0956282244251514,-1.0219793353893352,-1.0483882951400492,-0.900419287208604,-0.9784705506698292
373,373,-0.9308077946753089,-1.0466205544019787,-0.8489469763931938,-1.1367043039124056,-1.1417439005076957,-1.1154427519003594,-1.0151249505290425,-1.0339763002695452,-0.9068724235241072,-1.0104036126447513
374,374,-0.9259921411497818,-1.0116309731421218,-0.8435101719482566,-1.1229900009098206,-1.1638819867605745,-1.1104891200315572,-1.0301518711842996,-1.091624279751561,-0.910314096225709,-1.0286510766304209
375,375,-0.9309930121185984,-1.0536184706539498,-0.830767661530435,-1.0864185262362605,-1.1341968256487593,-1.0807673288187452,-1.0420152295963445,-1.1060362746220649,-0.9430099868909252,-0.9830324166662469
376,376,-0.951181713437155,-1.0851090937878207,-0.8718834951452727,-1.1595614755833807,-1.0929394830865755,-1.0758136969499432,-1.040697078661673,-0.9378963344661856,-0.9249412052075162,-1.0286510766304209
377,377,-0.9665547612301842,-0.9416518106224085,-0.8793591012570613,-1.1184185665756257,-1.257465715011382,-1.085720960687547,-1.076023523710874,-1.1108402729122329,-0.9610787685743345,-1.042336674619673
379,379,-0.7893016680021236,-0.8541778574727669,-0.7052114588801663,-0.8669896781948994,-0.983758466793967,-0.9618801639674972,-0.9840165884707911,-0.9234843395956817,-0.9387078960139231,-0.8781094987486465
380,380,-0.7415155676334302,-0.7212174486853116,-0.6849933423505562,-0.7298466481690488,-0.5621285513414048,-0.6002650375449513,-0.643670017138565,-0.6496564370561067,-0.5442061625928261,-0.59071194097435
381,381,-0.7659642701476453,-0.7772007787010822,-0.6773478360998633,-0.8624182438607043,-0.816716543249515,-0.8578538947226552,-0.8479834120126742,-0.9859363173678655,-0.8595494238770836,-0.8872332307414813
382,382,-0.7839303621467278,-0.7387122393152399,-0.6948475504070049,-0.8441325065239242,-0.8519362259245501,-0.8429929991162491,-0.8875279400528245,-0.861032361823498,-0.8875130145775977,-0.8598620347629768
383,383,-0.758185137529486,-0.6757309930474978,-0.7023231565187934,-0.7572752541742188,-0.6441400981418435,-0.6696158837081791,-0.7644126427544904,-0.6352444421856027,-0.7020928977788049,-0.6910729928955329
384,384,-0.30884762010913586,-0.10540081851183436,-0.12330348313298078,0.0655829259808851,0.16540946506003304,-0.06031916384553315,-0.06658353793930638,0.013295326987074809,-0.08818452963059815,-0.22120079526454006
385,385,-0.7518877444576427,-0.7772007787010822,-0.6610374227650516,-0.7755609915109989,-0.8303012779956,-0.7934566804282291,-0.9312905510839241,-0.822600375502154,-0.6379917437114729,-0.7093204568812025
386,386,-0.7341068699018498,-0.6862278674254549,-0.6297757972066627,-0.6887037391612935,-0.7890439354334162,-0.7587812573466152,-0.9236452756628285,-0.7745603926004742,-0.5945406258537512,-0.6956348588919503
387,387,-0.758926007302644,-0.7212174486853116,-0.6858428430450776,-0.8852754155316794,-0.7870313821377,-0.6795231474457831,-0.8305838196750083,-0.7553443994398022,-0.7008022705157043,-0.7366916528597068
388,388,-0.7604077468489602,-0.7667039043231252,-0.6727605323494474,-0.789275294513584,-0.8287918630238128,-0.8231784716410412,-0.9510628151039993,-0.7889723874709781,-0.6853147433584965,-0.7686247148346288
389,389,-0.8380138555872646,-0.9171591037405089,-0.7750404159698288,-1.04070418289431,-0.9042626116131736,-0.8330857353786452,-0.8308474498619426,-0.8850523532743377,-0.6547698981317813,-0.8233671067916377
390,390,-0.8231964601241039,-0.9766413918822652,-0.7903314284712146,-1.01327557688914,-0.8464017043613303,-0.8330857353786452,-0.7641490125675559,-0.8898563515645057,-0.5910989531521494,-0.6272068689456891
391,391,-0.7905981901051502,-0.8821695224806521,-0.75210389721775,-0.9538469305446047,-0.6381024382546946,-0.7141985705273972,-0.6444609076993679,-0.6976964199577865,-0.41729448172126266,-0.6910729928955329
392,392,-0.7705947062298832,-0.8331841087168529,-0.7543125990235057,-0.812132466184559,-0.5425061567081709,-0.7092449386585952,-0.5985892551727939,-0.7265204096987944,-0.4108413454057594,-0.7093204568812025
393,393,-0.8502382068443722,-0.9801403500082508,-0.8144572481956234,-1.008704142554945,-0.7709309557719697,-0.8281321035098431,-0.7406859259304001,-0.798580384051314,-0.6139000348002609,-0.6728255289098632
394,394,-0.9054330049446461,-1.060616386905921,-0.8644078890334841,-1.1321328695782107,-1.0557072471158242,-1.0064628507867153,-0.9112546568769148,-0.9378963344661856,-0.704243943217306,-0.8507383027701421
395,395,-0.9122860503463581,-1.0851090937878207,-0.8610098862553982,-1.1641329099175757,-1.060235492031186,-1.0163701145243191,-0.9486901434215903,-1.0339763002695452,-0.7709263518108395,-0.9419756226984902
397,397,-0.890430392038196,-0.9801403500082508,-0.8397723688923623,-1.01327557688914,-1.0043871380750589,-0.9569265320986952,-0.9191635624849447,-0.9619163259170254,-0.7545784064782312,-0.8689857667558116
398,398,-0.9135825724493846,-1.0151299312681075,-0.8540439805603225,-1.054418485896895,-0.9681611787521659,-0.9866483233115072,-0.8690738269674212,-0.9811323190776974,-0.6534792708686806,-0.8963569627343161
399,399,-0.7696686190134356,-0.8121903599609388,-0.7016435559631763,-0.807561031850364,-0.7211202617029915,-0.7736421529530212,-0.7868212086439087,-0.8466203669529939,-0.6995116432526036,-0.805119642805968
400,400,-0.8235668950106828,-0.8961653549845947,-0.7906712287490232,-0.8669896781948994,-0.9399854326121377,-0.8429929991162491,-0.9310269208969899,-0.9475043310465215,-0.818249351457863,-0.8188052407952202
401,401,-0.8028225413622577,-0.8646747318507237,-0.7458175920782911,-0.8852754155316794,-0.8061506384470046,-0.7785957848218232,-0.8050116915423778,-0.8898563515645057,-0.6646647071488861,-0.7640628488382113
402,402,-0.7785590562913322,-0.7597059880711539,-0.7050415587412621,-0.7069894764980735,-0.739233241364438,-0.7439203617402093,-0.7913029218217924,-0.7169124131184584,-0.61217919844946,-0.7093204568812025
403,403,-0.8135651530730493,-0.8716726481026953,-0.7658658084689971,-0.8898468498658745,-0.7840125521941254,-0.6844767793145852,-0.7356769523786478,-0.7937763857611461,-0.5730301714687404,-0.782310312823881
405,405,-0.8811695198737203,-0.9451507687483942,-0.8285589597246793,-1.04070418289431,-1.0723108118054838,-1.0262773782619232,-1.0190794033330575,-1.1060362746220649,-0.9421495687155248,-0.973908684673412
406,406,-0.8893190873784588,-0.9801403500082508,-0.8236318556964549,-1.0269898798917252,-1.1019959729172988,-1.0361846419995273,-1.0559876295038644,-1.0579962917203851,-0.9701131594160388,-0.973908684673412
407,407,-0.9108043108000419,-1.0361236800240214,-0.8599904854219727,-1.1001328292388455,-1.0869018231994267,-1.0609528013435372,-1.0341063239883146,-1.086820281461393,-0.9649506503636363,-1.005841746648334
408,408,-0.8396808125768703,-0.8821695224806521,-0.7789481191646273,-0.9767041022155798,-0.9299226661335562,-0.8727147903290612,-0.937617675570348,-0.8802483549841698,-0.844492105807576,-0.8507383027701421
409,409,-0.7705947062298832,-0.780699736827068,-0.7064007598524965,-0.6612751331561233,-0.752817976110523,-0.7835494166906253,-0.7662580540630307,-0.8033843823414821,-0.6917678796739998,-0.7412535188561243
410,410,-0.7748547074255419,-0.780699736827068,-0.6950174505459091,-0.7618466885084139,-0.7729435090676859,-0.7686885210842193,-0.8226749140669783,-0.8466203669529939,-0.7240335612515157,-0.7640628488382113
411,411,-0.8087494995475221,-0.8751716062286808,-0.7789481191646273,-0.9081325872026544,-0.7472834545473032,-0.8281321035098431,-0.7802304539705502,-0.8562283635333299,-0.7296262793916185,-0.7777484468274636
412,412,-0.7955990610739669,-0.9031632712365663,-0.7385118861054069,-0.9675612335471899,-0.8474079810091885,-0.9272047408858831,-0.9001821890256727,-0.8754443566940018,-0.8259931150364668,-0.7731865808310462
413,413,-0.9617391077046571,-1.1270965912996487,-0.9362756477899978,-1.177847212920161,-1.1970891161398933,-1.085720960687547,-1.1200497649289076,-1.067604288300721,-1.0376559861849728,-0.8781094987486465
414,414,-0.9491443215609705,-1.1270965912996487,-0.9170769320938132,-1.1641329099175757,-1.1608631568170003,-1.105535488162755,-1.0936867462354745,-1.067604288300721,-1.0191569954138635,-0.8826713647450639
415,415,-0.8689451686166128,-0.9626455593783225,-0.8486071761153853,-1.04070418289431,-0.9289163894856981,-0.8330857353786452,-0.8796190344447945,-0.8898563515645057,-0.7451138065488265,-0.8188052407952202
416,416,-0.845792988205424,-0.959146601252337,-0.8229522551408379,-0.9675612335471899,-0.8846402169799399,-0.8776684221978632,-0.8279475178056649,-0.9138763430153456,-0.6758501434290917,-0.8188052407952202
417,417,-0.8535721208235836,-0.9626455593783225,-0.8387529680589366,-0.9492754962104097,-0.7981004252641394,-0.8875756859354672,-0.7952573746258074,-0.8514243652431619,-0.7076856159189077,-0.7914340448167158
418,418,-0.8241225473405513,-0.9101611874885375,-0.7928799305547789,-0.9629897992129948,-0.7784780306309058,-0.8628075265914572,-0.7520220239685764,-0.7937763857611461,-0.5734603805564407,-0.7777484468274636
419,419,-0.8702416907196394,-1.0291257637720501,-0.848437275976481,-1.1458471725807955,-0.9661486254564494,-0.9321583727546852,-0.9175817813633387,-0.9330923361760176,-0.7580200791798328,-0.8644239007593942
